53.7328557968,163.217670083,0.486356109381,57.4636366367,120.542948723,0.797930836678,52.704739809,65.8535227776,0.942451298237,94.3427398205,63.5345201492,0.969223499298,90.3292989731,124.151162758,0.986030578613,71.5347788334,172.905335784,0.955074131489,68.0021065711,51.9556534104,0.974941134453,60.9834032059,1.32403039932,0.885250389576
134.476934433,132.218505859,0.950942933559,108.775701225,116.734973907,0.951176166534,91.1571421623,67.5070737302,0.981511890888,53.9010256529,69.009291172,0.853829562664,35.3380204439,103.468306065,0.809597074986,18.9654027224,140.569184601,0.854485929012,75.6362040043,54.9054093361,0.993395507336,81.8040006161,4.9525873065,0.967330276966
36.8408277631,156.886252999,0.85248619318,28.1538582891,120.979823589,0.928429663181,42.6616410017,69.9372314215,0.988896846771,129.822242975,70.4032683372,0.942662477493,131.755935729,122.021772146,0.861819028854,121.206720352,145.788460255,0.867802917957,85.7454954386,53.1614114046,0.98811429739,84.7051671743,5.83427238464,0.935614466667
19.8576663882,155.654096544,0.992337882519,22.0806527138,116.029801765,0.966011285782,31.9567699432,74.4220141172,0.984494388103,113.100249767,69.4292867184,0.959399580956,129.133795023,114.923759937,0.930467247963,131.937581036,149.503227949,0.947951853275,74.1525886059,54.9719531536,0.992826700211,74.2963550091,6.64498710632,0.985820889473
121.817453623,153.998135328,0.957422196865,118.210022449,113.046360731,0.940865933895,108.261702478,64.720692873,0.964565813541,29.2949917316,64.6740808487,0.977695047855,21.0190950632,112.870359659,0.934476196766,21.2710000277,151.765467167,0.974998474121,69.5208520889,49.7071800232,0.983735740185,72.934533596,1.0418946743,0.921079874039
11.850446716,162.980562925,0.988000452518,11.541005969,119.104903698,0.984904766083,35.7405703068,57.845464468,0.971008241177,104.098021746,58.1491184235,0.978559136391,106.031751394,115.327545881,0.926748454571,116.078004561,164.336337686,0.89569824934,73.5224528313,45.7793339491,0.94834280014,76.5473080873,0.475304603577,0.417698949575
125.467004299,187.09774518,0.797700464725,117.186019778,146.615420938,0.942646443844,105.722961426,104.015142918,0.976922988892,45.0347057581,103.797571659,0.97584605217,27.4983031154,145.719040155,0.73865622282,27.3934847713,158.014413595,0.68735909462,75.9257536456,95.3436281681,0.99415564537,78.0344212055,49.0705835819,0.987650096416
106.826728344,99.0751156211,0.540826141834,131.83437641,92.2899903953,0.84455037117,114.005507231,44.2350059748,0.924675583839,18.1952183247,49.2261018753,0.912272334099,36.21224159,76.9370390177,0.570427238941,69.0040785074,83.2574472427,0.270324319601,68.3189238608,31.6073782444,0.804339647293,74.7836215496,0.869613647461,0.137431949377
134.860369682,153.434802294,0.624264836311,133.377704501,110.992794037,0.454480677843,129.108725071,54.9150769711,0.857512295246,31.4738440514,47.8202886581,0.940375864506,18.3389497995,101.886905193,0.87972921133,15.8546276093,137.623290062,0.83308160305,79.9518053532,35.9169555157,0.796862840652,77.7698246241,1.42791485786,0.550888180733
51.0332029462,124.52927202,0.485986143351,83.6676644981,94.2396609783,0.25996235013,76.2038681209,43.6635293365,0.667290568352,69.5555340052,45.1988133192,0.973374664783,82.7483639717,97.8124113083,0.983756303787,45.7196538448,124.887813747,0.98111307621,67.4280335903,36.5149088502,0.887062609196,55.49183321,0.0938942432404,0.0829524621367
63.6530478001,139.764969096,0.269069641829,81.4517655373,85.6470971107,0.331941455603,73.6268153191,32.1229219437,0.626090168953,79.0984809399,37.2701265812,0.762088656425,56.9935250282,100.93886435,0.931001365185,9.11615395546,146.758841634,0.960955023766,63.9969363213,20.5173218846,0.868413865566,55.8616242409,2.77943003178,0.044377207756
120.340034008,158.803495884,0.971045553684,122.568851948,120.42923975,0.944589972496,110.25392437,73.7283446789,0.967691481113,50.7359335423,73.3504788876,0.945950329304,31.8646593094,133.986391544,0.936936736107,9.01715373993,170.741117597,0.981111228466,74.9876871109,61.7752262354,0.996579945087,54.7813029289,13.5394253731,0.988931536674
126.538536072,166.141474724,0.928805470467,116.425274938,128.330954552,0.932375013828,93.1513346434,78.8374056816,0.972694754601,31.3352255821,83.7748800218,0.968007326126,39.9156608582,126.202460289,0.887465536594,44.4043599963,171.724724799,0.953006565571,61.3519730568,65.1282634735,0.993258476257,50.3053355217,18.1102156639,0.989929020405
107.273892045,122.701882482,0.40319019556,123.04176861,99.1181753278,0.619363129139,110.296590567,31.7640471458,0.76768642664,46.855452776,39.8920321465,0.772652685642,38.9846186638,95.1933820248,0.727045834064,30.0466930866,143.405140162,0.935599207878,75.6410199404,25.5747699738,0.827208995819,60.2018520981,3.15457266569,0.529644548893
30.3772523403,138.880825043,0.991181731224,29.3312405348,103.967879772,0.978679358959,48.4983091354,55.896999836,0.96657538414,130.419935584,62.5484333038,0.972352981567,135.304131508,114.198714852,0.829100728035,134.201121807,159.793939829,0.919139146805,90.1462473869,48.6376230717,0.966063678265,93.0735818148,1.02256417274,0.863185346127
42.1219695807,158.6364851,0.939105093479,48.8878295422,109.876072407,0.905669033527,54.1171877384,59.2217260003,0.976449012756,139.087700188,59.6952581704,0.551941156387,137.669195175,117.153534532,0.135327607393,140.160413772,163.13551724,0.0719770044088,102.319537878,45.2076303959,0.933715164661,110.563573837,0.996338605881,0.648759782314
0.142066240311,115.522482991,0.043701402843,3.09918117523,97.2122778893,0.742345750332,23.0064935684,54.355394125,0.975567102432,125.023274422,58.4180634022,0.861570000648,134.024314642,110.022551537,0.585649490356,136.508958101,153.033248425,0.931814432144,67.7901086658,51.1045299172,0.987924695015,69.3320922852,1.15691947937,0.880850434303
100.694156706,62.8259296417,0.095295779407,134.02761507,71.2127659321,0.123149193823,133.38144815,23.8096837997,0.719623982906,50.537832737,27.1578696966,0.753087937832,33.3964388371,83.6887413859,0.859983086586,27.4343197942,130.262406945,0.88450050354,90.7901374102,8.76469135284,0.942620933056,91.0367490053,44.2698416114,0.0095061827451
111.387772083,137.223280907,0.938841164112,107.702768415,97.6267561913,0.955951452255,87.4856500626,45.3283455372,0.972597301006,21.3825349808,52.3787709773,0.966105163097,3.85715770721,110.740807772,0.617769658566,13.2123435736,153.416877031,0.50094717741,52.4690576792,36.4617055953,0.921964883804,52.3634741008,1.57361674309,0.711206793785
23.8634550571,163.800847888,0.882885634899,5.15154457092,127.916270494,0.923970103264,27.1623812318,83.0461530089,0.924535870552,124.943597436,82.58738482,0.84073472023,134.885617495,128.891330957,0.812304139137,129.507909775,170.210850716,0.893207728863,76.3945377469,73.845559597,0.90388160944,75.7451306283,22.3786990643,0.969143211842
6.72575330734,161.828358412,0.956130683422,17.1605601311,127.77433157,0.956686079502,30.6221997738,79.9287142754,0.967988431454,103.953966618,77.972618103,0.979132473469,115.486557662,122.746774316,0.94262868166,122.210830212,162.832601309,0.983568072319,67.3973121643,66.4944809675,0.983065724373,68.8174464107,20.1984152794,0.971946418285
130.33743608,161.89560318,0.9465508461,118.065505266,115.255809605,0.843410134315,120.706274986,59.3913302422,0.962291181087,54.696387291,52.0132113211,0.953791439533,43.0842864513,99.1864194274,0.952372908592,46.2303752899,136.772866011,0.910671651363,93.453117609,43.7229471505,0.932475328445,99.4997778535,1.01613020897,0.729247391224
11.1221202612,186.198585749,0.826875329018,20.0356363468,126.805045128,0.959206163883,32.9065616131,68.9339316487,0.985199034214,96.8558452129,73.0729887486,0.971708834171,104.647546768,131.64513889,0.939053714275,127.403694391,177.228659153,0.959844827652,67.7004502118,53.7300175428,0.992729961872,76.029342195,5.26325368881,0.989015638828
5.00525617599,155.093223333,0.925001144409,27.5308824778,115.42286396,0.949945211411,31.851995945,71.9611589909,0.951875448227,113.807829142,65.9301536083,0.872050881386,126.285523415,116.28245911,0.882362067699,131.191012204,162.203900099,0.924762010574,71.0166423321,52.7813562155,0.985176682472,72.2387154102,4.83514404297,0.963909327984
5.25367307663,130.187610626,0.894173562527,5.90809774399,102.626480341,0.933238446712,26.1361017227,58.9211534262,0.984681844711,107.519782931,62.0762071609,0.981542885303,124.906976461,114.374822259,0.943738162518,136.632893085,155.355706096,0.925023198128,65.131401062,49.9457066059,0.979487478733,63.4946248531,1.46371054649,0.858112454414
23.8986353874,157.864113569,0.971463620663,38.6611864567,123.102354169,0.963653981686,46.956751585,77.2138146162,0.981495678425,97.5844600201,75.6103655696,0.978992640972,107.448396146,127.71652317,0.978870034218,110.95336628,174.917806625,0.97202026844,68.8464527726,63.088824749,0.99573379755,63.5306401253,16.3175144196,0.990210056305
104.659171104,147.717956066,0.710714578629,91.8872222826,111.018095732,0.91792678833,90.2787503004,55.1151695251,0.94783949852,60.1731741577,53.1655211449,0.794574856758,59.2353018522,104.742150307,0.545580863953,57.1388623714,145.341854334,0.529801726341,78.4848620892,42.4336644411,0.947191119194,90.1400718689,0.938683748245,0.796636343002
106.135275006,168.318790913,0.933366179466,105.280441999,124.060235072,0.927888870239,102.075891256,58.4985361099,0.942495405674,35.0733558536,62.9680125713,0.9617882967,28.851279974,127.839703083,0.942470133305,18.6993038654,185.129051924,0.982743501663,65.7244150639,42.7620356083,0.946715533733,58.7475115061,1.21454739571,0.812785923481
131.226912856,222.483742952,0.31519433856,132.87741667,155.867855698,0.56267029047,127.446125031,91.8148210645,0.895486712456,51.903809756,87.2939910889,0.963933825493,37.0095465183,158.129527092,0.959715604782,22.8970615864,225.492411852,0.978660166264,86.4136447906,64.2168297768,0.992731273174,79.4759049416,10.3933873177,0.995544612408
35.4947552085,142.691978693,0.990043997765,46.5028512478,96.6558208466,0.966880083084,57.3489437103,42.2061940432,0.981213033199,118.408492804,48.1221766472,0.968243718147,129.585692167,104.370285034,0.969955086708,124.773237228,154.091309309,0.976254105568,86.8346483707,28.6788540483,0.920185923576,87.1669507027,2.86597335339,0.138341218233
16.8953900337,157.547569275,0.936058580875,32.3433110714,120.883264065,0.940528035164,45.2245563269,71.6565544605,0.982500612736,103.890521049,69.8143801689,0.978716671467,109.14148581,129.777721882,0.974739849567,109.640655994,178.918179274,0.975869596004,73.2658171654,52.6157597899,0.995568931103,72.1592979431,6.21883535385,0.984198212624
125.750073671,133.6195122,0.622371971607,129.919759512,93.4191207886,0.641771495342,123.987605586,45.5392944813,0.832267582417,25.6761116982,44.3371835053,0.959307491779,12.2794799507,107.068049431,0.903724074364,11.5517887771,133.391830444,0.762292802334,72.7482736111,19.7970992476,0.886834919453,73.7633695602,2.03564369678,0.0591311231256
91.5878616869,115.536371619,0.460260689259,118.108014107,112.528774261,0.906080067158,117.948445201,46.6501951218,0.961585998535,42.8306156397,32.986620903,0.956019043922,27.249016583,101.040108323,0.983649373055,16.0971446037,154.644073367,0.970001280308,80.2675395012,34.4055577517,0.881634235382,77.6945500374,1.97763323784,0.608857750893
143.058974981,128.731634617,0.317800313234,134.970649481,96.9312224388,0.859940886497,116.583536863,51.9598613009,0.935247898102,27.4546473622,49.2018949986,0.960725486279,7.3663725853,99.0685766339,0.960484683514,18.3720651865,124.159205988,0.913819670677,72.2124233246,35.8149916083,0.850425422192,70.8166480064,2.26929414272,0.6551232934
42.5390152931,139.311034739,0.524402558804,5.84427881241,113.545748711,0.183403626084,18.5379816294,62.7425422668,0.887157380581,123.925617687,66.5998774767,0.92550110817,137.139377117,111.203349113,0.659479916096,100.606881559,118.843694448,0.80879843235,72.1734912395,50.4961354733,0.955466389656,65.9815881252,2.07370173931,0.865987598896
67.192464292,117.79191494,0.2826153934,106.124727726,107.582708597,0.386632472277,91.1813015342,70.7175283432,0.5292288661,28.0216450077,75.5300798118,0.824193716049,7.88529014587,113.747351408,0.731359124184,44.2845867872,121.14627099,0.448544621468,60.0528556705,68.2758311331,0.949207723141,62.1622884274,17.0543167591,0.964747548103
84.8673026562,99.6799848378,0.178716167808,113.74509263,105.503662586,0.695173382759,117.29184258,59.1857923865,0.847577810287,29.7385692596,58.5838457346,0.786464095116,13.548745513,91.3005925417,0.639981627464,43.6501413584,109.935886502,0.170507743955,68.5200027823,50.0274292231,0.309867620468,75.5468826592,3.39581489563,0.321588724852
109.111256957,126.140807629,0.209463551641,131.663718313,117.102813721,0.391326725483,133.441152096,81.1631267071,0.789380848408,36.4007539451,73.0187344551,0.949114620686,22.6482610703,108.955565572,0.956989228725,44.7098922729,98.072316885,0.328655302525,86.4100315571,64.2356543541,0.759991466999,83.6158938706,18.0126290321,0.611389160156
114.058176041,154.289444804,0.847289800644,116.646259785,98.7590568066,0.80477887392,100.157366008,25.035107851,0.712200164795,10.2498909235,39.3146181107,0.72043722868,9.14823746681,79.5744609833,0.182562589645,36.4120824635,99.872009024,0.147450596094,26.9531039,10.6783120632,0.93818795681,1.40767455101,4.06014644355,0.100723154843
53.7328557968,163.217670083,0.486356109381,57.4636366367,120.542948723,0.797930836678,52.704739809,65.8535227776,0.942451298237,94.3427398205,63.5345201492,0.969223499298,90.3292989731,124.151162758,0.986030578613,71.5347788334,172.905335784,0.955074131489,68.0021065711,51.9556534104,0.974941134453,60.9834032059,1.32403039932,0.885250389576
0.424323558807,130.352599978,0.0172274559736,-1.35378789902,136.390056849,0.00342324725352,2.84600424767,51.7870384753,0.233427882195,72.5235724449,52.6857128739,0.97766238451,83.4095926285,97.0200116634,0.904445588589,82.5006245375,131.397253871,0.901431202888,33.2689151764,39.5667119026,0.789594471455,27.9923171122,0.716083526611,0.459831684828
3.84351496398,141.296872497,0.0520921386778,6.54848575592,107.90867658,0.14643214643,7.5183172226,62.0249710083,0.942180514336,100.738444209,59.3960186243,0.986330866814,116.681233466,112.376585722,0.940348923206,116.949585915,143.567379713,0.972440838814,51.9947843654,48.7806494236,0.968822062016,40.2993597984,3.72401815653,0.903026401997
37.6142003536,118.97255826,0.414317518473,21.5161011219,110.652215004,0.791557312012,30.7801423073,57.6707756519,0.90903955698,93.6176930666,52.7858204842,0.978388488293,117.106539607,114.914881229,0.816264152527,102.195822716,117.76913476,0.835776090622,59.4488870502,45.7067346573,0.967498660088,54.9401597977,-0.0196933746338,0.115193925798
8.03197526932,154.326985359,0.986473202705,16.1156907082,122.04966259,0.980232834816,35.9620328806,76.2738414705,0.975072026253,121.11558938,75.6756572723,0.975715398788,133.177635074,121.61672616,0.937706410885,139.812063932,154.59537673,0.969437301159,77.2204302549,65.7574033737,0.98625934124,78.3396089077,18.2164801359,0.989391446114
41.1401386261,113.486191273,0.344950646162,50.2613341808,133.206146479,0.354717165232,64.0306565762,67.6711469293,0.544235646725,71.2411160469,62.6120584011,0.164316296577,51.1852711439,134.61559701,0.213517099619,50.5942343473,102.683825016,0.089570954442,84.2919203639,66.1849013567,0.28869998455,47.2601852417,51.7694941014,0.191970944405
78.2507398129,153.148029804,0.0457613393664,18.7461857796,131.945747219,0.0260772053152,131.029073715,83.8503387272,0.0926485285163,101.603995681,85.5627681017,0.182933539152,100.752367616,115.284066975,0.163043051958,130.180451989,133.045303106,0.270606249571,109.265387893,82.4195828438,0.192721247673,135.786437035,67.0200398564,0.0942830070853
13.156966567,52.194528535,0.0216674990952,84.3613049984,141.841111422,0.0174704231322,76.9732455015,57.5428276062,0.0452137589455,60.5114163756,60.1325632632,0.135536953807,106.881098151,91.9822700378,0.0652303397655,108.29818657,18.5648934841,0.119019277394,4.66072636843,59.4823449254,0.0221452824771,42.9832316637,100.52197063,0.0276050195098
56.5984566212,163.414319694,0.791086614132,67.0989080071,115.218201637,0.524335443974,54.5985958576,69.7787638903,0.823388576508,49.8166353703,72.8511426449,0.944486737251,55.5316185951,116.435888261,0.829425752163,60.6637244821,159.676342726,0.619446516037,47.9116470814,60.3352939785,0.974131524563,33.8670482635,13.5304619074,0.962954759598
130.67801857,161.604642868,0.877658307552,115.380878389,125.443799853,0.942289829254,106.041369796,67.6081070304,0.966872155666,14.6779642105,68.3173265457,0.987052619457,4.8006811142,123.712931424,0.955056488514,26.8837301731,159.800981998,0.36308196187,61.223732233,52.7839214802,0.989081144333,61.605459094,1.79063844681,0.962390780449
135.161578178,170.274620295,0.737270355225,132.699020088,130.935371041,0.730312585831,130.75813961,78.9684476852,0.953987121582,36.2521820664,74.7560892105,0.976599156857,16.6823678017,129.596035719,0.935102045536,8.66348671913,155.056316674,0.935230612755,86.3902397156,62.9298658371,0.987939119339,86.0012981892,11.988621234,0.980140268803
57.9961323738,139.375894845,0.98153758049,19.1638329029,100.333947718,0.983214616776,52.9409832358,59.394524157,0.974144756794,110.798461914,74.2375762463,0.971971988678,99.0952242017,116.373894393,0.77062779665,93.6579829454,150.060959339,0.670351684093,87.2090549469,54.1508760452,0.988352954388,101.759611487,2.79007983208,0.976373553276
20.6184934378,170.264592052,0.644403934479,21.5812968016,137.654050827,0.753087460995,30.8709220886,78.6254785061,0.970566034317,115.672709435,73.7380175591,0.986290633678,128.032606125,129.83915782,0.907150745392,104.648132086,164.188381225,0.985214412212,73.1838259697,60.4953869581,0.996049821377,74.8656408787,4.09026813507,0.988382518291
19.0085638165,178.992799878,0.982768833637,21.3562647104,127.444684505,0.962231397629,36.9138813019,68.7299588919,0.983209848404,112.740194559,66.482591033,0.977926313877,125.753129482,117.321258903,0.959655106068,127.665179968,156.57279563,0.94131231308,79.4386167526,52.5511929393,0.97657084465,88.2793107033,2.39610958099,0.78022736311
33.5266578197,163.4958781,0.896407663822,18.120901823,123.21499151,0.986883223057,36.3929267526,75.7683594376,0.985073149204,125.718620539,78.684492588,0.895581305027,133.425349593,124.562465608,0.754023730755,127.431310654,163.504510909,0.734054803848,79.9861850739,57.6239581108,0.991112291813,78.6902105808,9.14363288879,0.995072066784
77.0209848881,141.802220941,0.376865983009,82.5246806145,100.71800071,0.561059355736,87.6107499599,53.1368649006,0.809054911137,63.5422019958,58.1758646965,0.960150659084,46.7303211689,106.190168023,0.889328718185,20.420358479,145.911569357,0.969327747822,73.7191684246,43.2421656847,0.956125378609,65.6199500561,1.19889616966,0.753334164619
48.9663074017,114.867212653,0.548550069332,59.0360622406,68.5664355159,0.602904975414,50.1041784286,11.0010466576,0.873830080032,88.7585499287,12.6802336574,0.966360807419,101.47777307,82.4313051701,0.939482450485,76.9533818364,122.067457318,0.93057924509,65.1360669136,7.03643941879,0.764880478382,81.9524643421,-0.969593048096,0.00665017496794
54.6405909061,159.844223738,0.937599420547,55.4609589577,106.858870864,0.907226681709,67.9355880246,47.9422855377,0.982332289219,66.962110877,50.4335085154,0.676315903664,73.639431715,99.8405228108,0.883324146271,91.6341902316,138.949082494,0.969385802746,71.8976693153,37.0863201618,0.897212088108,92.8436918855,0.439495801926,0.119641594589
100.418968052,129.48450017,0.927041471004,64.0148067474,87.9052214622,0.964254796505,46.4264199734,33.1042480469,0.94558095932,72.7568569183,30.0233750343,0.931091070175,82.7327394485,76.2671710551,0.838762998581,98.9481599331,125.157976627,0.778508126736,62.3150172234,18.0876311064,0.932913184166,74.0230181217,1.92825293541,0.0198860857636
86.0726633072,141.341970921,0.199507325888,62.2251844406,128.633980989,0.605493724346,68.6904395819,72.1648254395,0.96685898304,54.5201787949,65.9718365669,0.872462570667,52.5618190169,127.962869167,0.863328635693,35.5138341188,173.902494431,0.946427166462,67.6905223131,51.3160871267,0.990207016468,81.358632803,1.79234051704,0.954065740108
2.68222844601,110.89444232,0.0310989506543,4.66112267971,137.238555193,0.153267964721,10.7740796804,86.6902089119,0.892413198948,127.711109877,91.1886345148,0.522320330143,85.3361856937,152.222903013,0.333209186792,91.4115813375,198.396425724,0.24061191082,58.7804216146,75.9109293446,0.934237480164,82.4601136446,28.1411988139,0.407631665468
8.81461787224,211.446337461,0.909430980682,12.9552173615,149.527236819,0.940096080303,33.1648039818,80.0584211349,0.979538619518,115.64778167,73.0941092968,0.97989398241,135.280535698,145.806842089,0.612688958645,129.69880724,188.858989656,0.780849993229,76.012652209,64.531170845,0.996365070343,72.9158241749,5.36607551575,0.994941115379
9.52713155746,231.793887138,0.513662040234,3.4342918396,188.325881749,0.498398274183,21.7264995575,103.74819088,0.972229361534,128.86258316,108.332660735,0.937986135483,132.884651661,203.096015453,0.838376045227,124.412511826,260.346929312,0.327326595783,77.5823159218,71.3496377468,0.987479388714,75.0245912671,8.85306048393,0.99635976553
62.1689279079,182.330533504,0.491349071264,5.17263531685,163.008937538,0.143569931388,8.86854624748,96.6131002903,0.978357434273,98.2153679132,104.638411283,0.912309765816,101.939813733,154.845595479,0.508478403091,122.351154208,149.08320415,0.30912026763,63.1181125641,64.281318903,0.983514547348,66.101449132,2.82388734818,0.97097325325
140.034975596,155.710348994,0.838428318501,128.914258718,126.879894257,0.88242906332,105.124557734,57.844597578,0.8384090662,28.230230093,72.1223583221,0.963223457336,15.3328304291,140.364891499,0.982594430447,5.2325501442,184.617687225,0.571542978287,75.2754009366,44.027146263,0.806392550468,101.543699026,-0.464032649994,0.0897000804543
98.5343855619,153.372599363,0.985094308853,98.1948238611,101.76473403,0.979042112827,104.033327579,44.0364580676,0.96961247921,49.4756987095,42.691781044,0.94111007452,50.3219709396,89.1610713005,0.71510463953,59.6972843111,141.893397331,0.229546070099,80.5303015709,28.6296567917,0.839511752129,83.7334346473,2.46218168736,0.454148411751
7.77538490295,153.636389494,0.987164020538,20.8382885456,113.155421257,0.970774292946,40.5660610199,63.2271332741,0.976009249687,123.096011877,66.1557397842,0.974256515503,133.45650208,118.569616556,0.918285191059,134.197588682,166.370271921,0.910464882851,81.6882128716,46.8060901165,0.976828992367,76.0091928001,0.844962596893,0.633463323116
24.1501941681,154.794294,0.97514206171,44.7833092809,119.014968395,0.930770576,54.378775835,69.5954445601,0.918862402439,77.030299902,75.9640168212,0.986085653305,90.3952012062,126.64258337,0.949337184429,96.4542140961,169.238133192,0.759786069393,62.6485202312,55.2066941261,0.985918879509,57.2422363758,3.16275423765,0.97776889801
110.512878418,155.792915121,0.993114173412,110.564681292,120.140588284,0.984045863152,89.5445072651,65.2373785973,0.961089491844,4.91397714615,67.5380138755,0.875523626804,7.51950883865,117.402334332,0.772520720959,33.8867871761,131.035296321,0.328028202057,43.6540047526,53.8617048264,0.992781758308,36.4763807654,3.79736898839,0.976347088814
109.366602302,146.997005105,0.942542254925,109.504850388,105.206572294,0.927355647087,105.441639423,56.7045400143,0.974474191666,44.3102871478,59.065675199,0.962656736374,25.5151820183,106.794304967,0.964966118336,36.9076547623,144.849539518,0.931642711163,75.1172379255,46.1621894836,0.976714789867,74.8084993362,2.25230669975,0.921227037907
52.5566661358,152.387222528,0.508541226387,86.0361905098,115.768516302,0.345043748617,81.8840417862,56.2009983063,0.838348388672,8.33457446098,64.8145656586,0.894344985485,20.555019021,126.615494967,0.917764008045,15.0293068886,164.845152617,0.856741607189,35.001757443,38.0458498001,0.718193769455,3.31183415651,1.72012448311,0.105234466493
48.596578598,149.615881562,0.98514854908,26.7492096424,187.520795345,0.996389567852,36.3368142843,116.061132122,0.93961930275,124.9333933,103.569983006,0.955096542835,137.672682047,173.501304984,0.204311072826,85.6722459793,143.01965189,0.586312294006,76.6514750719,100.145325616,0.987880527973,70.6153726578,36.5269714594,0.97060239315
94.1234509945,79.7899653912,0.949817299843,69.7234107256,110.636572599,0.983754098415,48.9735913277,69.0509344339,0.97433167696,90.0319616795,66.3063359261,0.94256734848,98.7811141014,115.158602595,0.653360009193,132.848327816,158.319021225,0.408065527678,74.1645866632,59.8399717957,0.974835455418,90.2494184971,14.4669780731,0.989950060844
82.5867254734,78.4828662872,0.892604529858,66.2536040545,115.860977009,0.729702472687,49.9477283955,77.8195312023,0.980069279671,68.318732053,81.6117758751,0.892619431019,85.3416696787,108.227448389,0.719497740269,129.598745823,136.963678837,0.381367206573,60.7235690355,72.2918152809,0.985399365425,77.2351930141,27.823751986,0.983901321888
91.9289084896,35.1327710748,0.851236402988,97.2766535282,87.2903649807,0.953275084496,58.4695204496,43.4163334966,0.979155600071,54.4447658062,45.3905959129,0.661379396915,98.1624903679,86.4260239601,0.442965149879,91.2928259373,35.1121209264,0.728365242481,59.5766114593,36.7672662139,0.894145429134,51.431479156,0.924627304077,0.0305144898593
82.4582767487,112.534960747,0.966072320938,23.606543541,139.243771613,0.948056876659,49.8317010403,69.7204492092,0.982494056225,124.567057729,83.2671611309,0.940437436104,122.617219806,148.492329627,0.790329158306,112.244972706,180.288967967,0.648987174034,91.3945903182,57.8377356529,0.993446052074,96.727686882,1.84778499603,0.965356588364
39.8121976852,110.636691332,0.992532849312,15.2562043667,123.954066128,0.993103265762,32.9174339771,65.2151885033,0.991495370865,113.228584528,71.8076877594,0.988823711872,125.901223302,132.31332314,0.986663341522,106.496249199,122.508202791,0.991686284542,73.9833436012,58.4755420685,0.997359454632,76.8475776911,4.09250736237,0.986449539661
134.737066746,191.542258978,0.874468386173,131.095283926,146.022622585,0.940634012222,127.88441205,95.7098798752,0.938785791397,61.1179753542,92.436101228,0.982104837894,43.5689208806,140.702324271,0.927848517895,70.2548556328,131.846579581,0.747499585152,95.0214664936,81.6291787624,0.983861863613,99.5135313272,31.4602665901,0.978195011616
36.567122519,80.4557037354,0.818079948425,69.8875775337,82.8736726046,0.677387237549,84.6962698698,36.6298844218,0.877221047878,80.0744714737,46.5717470646,0.972172260284,68.6810874939,100.448792726,0.979285001755,27.7007677257,85.6133306026,0.991081297398,77.8794053793,33.5952568054,0.948733210564,43.6470143497,1.23789191246,0.0959189012647
48.5426778793,102.503221989,0.903947949409,33.5375041962,136.987540722,0.981705665588,32.5604946613,84.9932979941,0.9870454669,100.050276022,90.2292681932,0.991030693054,102.752856731,140.224542215,0.953331172466,97.1074521542,163.814581901,0.973797380924,69.8297801018,67.9589700289,0.994635283947,73.2366850376,9.85820746422,0.996883690357
60.9261474609,112.202377796,0.962063312531,31.3827903271,130.946887732,0.143985494971,30.16512537,68.8375914097,0.891992330551,117.309589982,75.6218292117,0.965594291687,125.771649599,120.21252656,0.986068964005,101.950101733,102.771415949,0.940431833267,76.1616251171,64.187918663,0.990934669971,99.2071002722,16.780258894,0.937170863152
134.737066746,191.542258978,0.874468386173,131.095283926,146.022622585,0.940634012222,127.88441205,95.7098798752,0.938785791397,61.1179753542,92.436101228,0.982104837894,43.5689208806,140.702324271,0.927848517895,70.2548556328,131.846579581,0.747499585152,95.0214664936,81.6291787624,0.983861863613,99.5135313272,31.4602665901,0.978195011616
36.567122519,80.4557037354,0.818079948425,69.8875775337,82.8736726046,0.677387237549,84.6962698698,36.6298844218,0.877221047878,80.0744714737,46.5717470646,0.972172260284,68.6810874939,100.448792726,0.979285001755,27.7007677257,85.6133306026,0.991081297398,77.8794053793,33.5952568054,0.948733210564,43.6470143497,1.23789191246,0.0959189012647
69.3970859051,115.663630754,0.14820420742,83.293759346,91.823350817,0.346598207951,70.2393550873,16.2672696114,0.214828699827,64.1013813019,12.0250487886,0.254540085793,45.1946687698,90.6259679794,0.740912556648,68.4169360101,115.831949621,0.249502524734,25.9122312069,7.03547716141,0.747393190861,85.9914126396,12.2015354335,0.01401115302
53.1165142059,147.536582381,0.497861504555,34.8429995775,115.55652386,0.600724577904,51.9821849726,62.9223842621,0.914456546307,82.349809289,76.2994733453,0.897651612759,84.6148998737,122.017903209,0.69999986887,112.340902805,147.766481608,0.621630311012,73.2642478943,57.227602005,0.982886493206,99.6336473227,13.0048011541,0.978572010994
61.7146279812,218.6378268,0.517008721828,75.8646426648,177.911881447,0.726785778999,77.1602094173,109.596676111,0.950786650181,59.0720249414,106.006013393,0.818181037903,58.959325552,165.140505195,0.827384471893,59.8635071814,219.232708097,0.766317248344,72.1630661488,92.4064058363,0.927563607693,92.6279851198,50.5015847683,0.72840744257
91.7358936369,151.694983006,0.392889201641,92.5781952143,149.218304873,0.296185851097,36.6077390313,196.762312531,0.764728486538,76.0720849857,121.292056561,0.330600708723,92.6808742285,147.697580367,0.348032623529,69.7069593668,112.771620274,0.307888656855,83.2628651261,118.313859224,0.732629656792,92.3204604685,64.3975820541,0.624599575996
123.466900587,128.44415617,0.306975752115,108.087442711,148.145571098,0.357445806265,105.909939766,96.7783088684,0.724551320076,25.6017103195,84.94816643,0.49065643549,21.8546059132,153.066396236,0.716306746006,25.3401165009,180.200050682,0.226305618882,61.6440937519,79.7433781624,0.21542198956,52.2212552726,54.125998497,0.0693228170276
99.3949920535,51.4754724503,0.931009531021,84.3060673475,82.1751816273,0.967176020145,54.2245519161,49.0753967762,0.986849427223,95.8237879276,55.2858734131,0.828503131866,98.6784551144,88.8477497101,0.403794974089,113.393903017,116.449332148,0.714235126972,79.3145194054,45.2385658026,0.95177513361,100.01624852,2.34364151955,0.84326338768
83.020810008,84.1245431378,0.96116822958,42.5280075073,66.7693794966,0.983566641808,77.3478186131,38.8403382301,0.982919216156,111.445647001,61.6657164097,0.916021227837,112.148256302,108.240149409,0.829361617565,140.983257532,127.783807755,0.406791031361,105.632105589,48.0748105049,0.949252963066,144.331933975,17.0684027672,0.8758482337
50.3564280272,188.457836956,0.98936009407,17.928435564,226.372753501,0.947763025761,28.7883751988,123.607111871,0.993008255959,117.446377516,120.199206829,0.990473687649,131.818019584,219.33690536,0.859119713306,98.8157666922,183.733808279,0.963625311852,72.1527981758,97.2947785854,0.993444681168,70.1029701233,42.2838289738,0.974704504013
51.7164675295,157.716497421,0.988444924355,19.4456519485,163.520488828,0.989274442196,31.8741104603,82.2504056692,0.988437592983,115.447548509,76.4031808376,0.991308808327,130.122963667,155.526558399,0.952323377132,108.8562029,159.757731438,0.953963875771,74.633312583,76.3891791403,0.997988343239,73.2324547768,9.60587596893,0.992986619473
112.142641544,158.455295801,0.832468628883,127.039912224,130.703156829,0.924744307995,110.560854912,64.8101427555,0.952504515648,7.57714653015,60.2230233401,0.965238630772,4.37838608027,91.2804093957,0.22365616262,33.3501665592,99.7789824158,0.0801740139723,59.4689201713,50.6586967707,0.966916739941,55.7748794556,2.21111154556,0.95930314064
85.1492382288,211.267362118,0.59581810236,82.7200777531,166.892081261,0.470955312252,75.6201947331,101.684688926,0.954369366169,74.5221877098,101.833081841,0.819507479668,78.3057961464,147.261334479,0.62957149744,116.457709819,148.121359885,0.925712049007,82.5786768198,87.0667495728,0.834076344967,99.3144664764,33.8252899647,0.581726253033
52.9220669866,260.538230836,0.695703268051,75.3066399693,220.341335893,0.704315900803,69.9257403612,145.086457968,0.761060357094,99.9741936233,130.852116823,0.978041350842,130.962389708,252.564956009,0.750334382057,109.204970837,313.823343992,0.886316120625,69.04897964,119.356041908,0.891838490963,34.4565986395,69.1125283241,0.448218971491
29.9261151552,123.600809515,0.0244132317603,3.66003650427,62.6452691555,0.00716023892164,7.25420546532,28.4363476336,0.047284360975,82.6119029522,12.5366995335,0.924334585667,94.2592875957,83.1668720841,0.856305301189,67.210052073,118.365925789,0.911470174789,38.9635477066,5.46852588654,0.506273984909,1.66680908203,1.9382288456,0.00920218508691
22.2865288258,116.922679722,0.436742901802,44.6985167265,81.7555987835,0.451690107584,51.9875246715,9.09247779846,0.798824369907,90.1319134235,20.3662938774,0.987089216709,85.9739297628,88.1566636562,0.970408499241,39.3054661751,63.4162225723,0.976601421833,67.3939011693,9.20668745041,0.889827370644,43.2877816558,0.680958032608,0.0169506240636
53.4207986593,91.3535984755,0.379461616278,67.6318299472,76.9093716145,0.489179819822,63.1812713146,17.7806196213,0.612309098244,111.873293161,22.0723125935,0.975445866585,107.42145431,79.2756667137,0.962913513184,55.2090408802,93.5598620176,0.985976696014,88.069024086,16.3813109398,0.7199639678,57.7768714428,2.2116484642,0.389571934938
51.1225988865,166.183855057,0.0447621718049,58.3155932426,131.781770989,0.116892419755,127.160157919,115.935221203,0.19886264205,11.3545326591,62.1054825783,0.361098885536,100.758336782,157.265551448,0.0952569842339,92.2712193727,159.147779703,0.0597796812654,119.944999218,105.818408012,0.134103298187,97.053612709,59.098908782,0.120678029954
60.3076726198,119.149226904,0.306306898594,106.918481946,134.560405016,0.772311627865,103.331276178,81.8795807362,0.96699655056,37.4699683189,89.7445271015,0.981806993484,15.9504346848,152.642680883,0.981585860252,18.4818924665,129.319652081,0.805828273296,61.8500801325,58.6956344843,0.992757916451,50.5339846611,2.845895648,0.990405380726
68.1746494919,202.398561835,0.991829454899,23.4317572117,219.034611166,0.767060697079,41.191511631,113.089971304,0.975927948952,117.224847317,114.428578615,0.986529231071,130.383437037,178.796972752,0.92327773571,128.404769897,203.255827069,0.8282096982,81.8906457424,97.9631559849,0.994225561619,85.8935190439,48.5176000595,0.985031843185
43.0129067302,105.138210535,0.947655558586,17.2941718102,160.025491238,0.964420855045,37.1654697657,107.655314624,0.874243795872,121.125879765,111.036973953,0.875562429428,110.490134716,189.594153404,0.257332980633,126.483683586,241.660636187,0.344704568386,73.5935428143,82.3235092163,0.968296170235,70.1838285923,15.2635874748,0.829589128494
44.9544079304,44.6438994408,0.820684015751,8.1397383213,51.029397428,0.28921893239,51.1435927749,57.8789043427,0.0644588619471,112.743424892,74.8779555559,0.256395608187,136.295575619,49.2992334366,0.291982501745,81.5403122902,52.0088144019,0.345005869865,69.7896875143,57.4666323662,0.0193023029715,84.3370667994,46.9871377945,0.0436442755163
9.71852111816,92.7149792314,0.866687715054,4.33157551289,98.5519094467,0.131879881024,17.3103504181,55.4604902267,0.679085969925,106.892275572,52.0771044195,0.732380449772,135.763021708,93.7097889185,0.481495290995,98.4749960899,156.69326359,0.717038571835,47.5049748421,44.4853118062,0.758120596409,25.8496420383,-0.848375320435,0.0585498921573
23.1333293915,156.900067806,0.295667111874,63.070515871,164.884833455,0.732440769672,68.4982066751,97.8917455673,0.766781449318,91.7091604471,105.247614384,0.917578399181,87.6083135605,205.231047034,0.704294502735,73.2628102303,283.2951805,0.0638879537582,62.1358911991,69.4774281979,0.908829689026,41.4639060497,5.51225090027,0.495200544596
19.1944228411,102.942156792,0.951247870922,17.0088365078,126.606347084,0.698828518391,29.5206872225,55.5249567032,0.942474246025,105.060522079,58.3032696247,0.990306735039,104.212277412,142.237047195,0.964132547379,60.0268986709,101.037902713,0.992186307907,60.8172154427,49.8756546974,0.986674487591,44.4087882042,1.39288663864,0.84164917469
92.6648445725,186.3843925,0.969272851944,42.7367532253,171.435386896,0.96764844656,61.4710518122,92.7203537226,0.982029974461,93.0481278896,84.2394518107,0.868063509464,80.0153360367,134.208476782,0.804288566113,99.5942403078,205.129454136,0.586985111237,86.349023819,77.625515461,0.976016163826,103.775145531,21.4756556749,0.988576471806
52.6107622981,147.975936305,0.776935696602,30.2012343407,117.694386363,0.569691359997,50.1300060749,53.2878049612,0.972746193409,80.4080708027,63.2388830185,0.91396677494,84.0166101381,114.948325992,0.684259355068,106.917248487,154.274167299,0.730680584908,72.1996366978,45.6917231083,0.988361299038,94.1053593159,1.56965303421,0.929274082184
27.2669113278,132.257377058,0.699949860573,70.3040649891,113.900780439,0.655501365662,68.7894292474,60.8546574116,0.732580006123,62.0440320969,59.2896752954,0.9875035882,82.7585724592,109.308935761,0.985577404499,58.8697828054,154.593203187,0.975895106792,58.6188406944,51.6949259043,0.969924211502,27.9604215957,6.80872535706,0.94168305397
46.7401301861,66.1759901047,0.946977615356,66.6546195745,67.4945093989,0.593554735184,73.9315612316,39.0239608288,0.802383542061,75.5384671986,46.4040799141,0.935509264469,81.0085487366,102.501255512,0.97784358263,46.8729097843,96.5969786644,0.956559002399,74.020578146,27.7463453114,0.791793107986,57.7453122139,1.88107061386,0.213111609221
38.0460796356,85.0008513927,0.959930300713,64.4224419594,97.656550169,0.749622404575,70.1392207146,55.9495434761,0.860391318798,84.2976657748,54.9076161385,0.881004452705,100.837224782,100.532571316,0.745422124863,115.156544149,145.103755951,0.887672960758,68.4164470732,44.0633163676,0.966841161251,44.9035374522,1.90864038467,0.888905823231
110.516209126,104.541767359,0.9886059165,90.6733454466,115.66643849,0.940891683102,76.1954186708,43.7640403062,0.982912778854,69.0715990067,45.5674141645,0.654192626476,76.1240820512,103.869044304,0.685423851013,106.709202051,100.361520886,0.505253374577,81.2012629509,36.0507610999,0.934548974037,110.458268881,0.933780431747,0.648366391659
76.72789675,94.8498747349,0.98155850172,20.145741716,121.713741302,0.995874226093,22.2136063576,64.9189796448,0.991696357727,70.0419938564,61.2105935812,0.850568115711,82.4486600161,106.440218687,0.62212151289,93.8501553535,93.5864509344,0.525330364704,50.7983429432,56.0001606941,0.983266472816,76.4413369298,5.88383960724,0.958553016186
76.3599208891,250.109041452,0.679568469524,47.3427307606,195.280210435,0.873534739017,73.2779586315,124.252216846,0.923689901829,32.7374665737,92.5291306973,0.361159175634,42.9595874548,173.559110284,0.264771103859,73.4260046482,221.548248172,0.130469843745,83.0512256026,52.5694400668,0.178424045444,106.528951526,2.58464884758,0.209779515862
102.980550289,131.029576838,0.967245995998,50.6535770893,149.103716493,0.976275801659,52.3476481736,86.2859423161,0.956706702709,89.0929663181,98.1163065434,0.506308436394,66.892124176,148.138344958,0.340912014246,86.279535532,173.089827418,0.378195911646,71.8189616203,76.7832491994,0.890205562115,105.160649538,31.5668010712,0.892783999443
40.6342666149,70.9110307693,0.958233952522,21.632935524,116.500593901,0.991383910179,29.4572297335,70.3290731907,0.973384916782,105.735291719,83.4755175114,0.946389138699,124.169228226,131.637481272,0.916914403439,142.174709558,172.415661693,0.821615815163,65.9781050682,60.3194098473,0.995632052422,60.1874797642,8.6185002327,0.997879981995
17.598038435,106.672353268,0.929753482342,16.4136428833,117.511568666,0.570692956448,29.2560186386,58.8009517193,0.955550730228,104.691498995,59.9151766822,0.988332211971,104.134688616,146.328952193,0.960860490799,58.7701650858,102.776746273,0.988470077515,59.9351419955,51.5200937986,0.991920590401,43.541118443,1.61799073219,0.919031918049
100.162693277,102.518026352,0.978591859341,72.9553964138,121.618928432,0.989558815956,76.1464325488,66.4926364422,0.996103048325,45.4847255945,60.8440173268,0.917311668396,24.1999752522,97.0433695316,0.346196353436,83.6482889354,99.8786787316,0.41105401516,70.6200580597,53.1438405514,0.991822421551,102.763450861,10.690035224,0.992535710335
74.6650415659,136.937309027,0.045218411833,68.4702546895,136.723977566,0.232877984643,3.46980410814,140.065029472,0.0385185107589,3.48731863499,140.255698889,0.0294941924512,64.3756937981,137.759218454,0.379870325327,48.4930434227,139.27343142,0.100626535714,3.24809318781,153.345618963,0.0301678106189,2.93433713913,108.571123958,0.119863159955
82.8662180901,101.975509524,0.931312263012,29.9019588232,109.893000722,0.964303553104,43.7861807048,62.2281565666,0.984155774117,100.371908814,68.1717774272,0.949230253696,108.920876086,122.331882238,0.902859568596,116.981534958,107.514230013,0.925954937935,77.0665479898,59.9056278318,0.968924462795,92.2446721494,15.1015982628,0.985613882542
92.3514514267,126.510504007,0.882438719273,33.2594025135,103.065468073,0.941143393517,64.8241820335,44.4888010323,0.965903282166,145.662807465,53.3058800697,0.0268807858229,126.336286306,121.640468121,0.0163444429636,134.884200096,131.982906772,0.0521436110139,117.412133813,30.0364835262,0.777825534344,136.864301443,-0.0847177505493,0.0956610366702
53.8032206297,238.29070425,0.254407942295,29.5725232363,226.268223763,0.306478202343,39.257399559,132.395165354,0.930564880371,104.280968666,151.997769356,0.910274684429,103.286821127,213.378404737,0.871414244175,113.728286743,249.460814476,0.331884175539,79.4730212688,111.521912098,0.959124982357,92.4100254476,52.991446197,0.925372183323
44.2789140642,105.004725695,0.991793572903,23.1354558468,125.274813175,0.989994883537,29.0178687572,73.851732254,0.993550419807,112.832760334,66.8971407413,0.983500242233,129.219613791,122.165083051,0.980845212936,96.6318054199,105.672709227,0.987524867058,68.9157311916,59.0936704278,0.998435914516,64.6265583038,6.83949995041,0.992798805237
58.3648890257,90.1738451719,0.980660378933,18.2928997278,115.113722444,0.988345384598,38.8837354183,59.5403044224,0.972490429878,121.575680971,66.3028920889,0.967448890209,115.086839914,120.332427263,0.993751108646,94.8350801468,88.6434884071,0.983879983425,78.2158787251,54.9110672474,0.996452093124,75.1281887293,3.90988445282,0.985510110855
82.6009565592,116.423281252,0.812678039074,41.7943806648,100.912409484,0.872002482414,59.6545571089,60.9458813667,0.880040884018,124.963070452,84.0610353723,0.533740520477,91.2098767161,117.382857919,0.181243181229,124.788341999,124.572257936,0.584314584732,101.596518517,61.0196605921,0.793397247791,124.396809965,6.99199581146,0.125140249729
34.6912322044,210.228567123,0.987474441528,10.6360821724,216.546434402,0.941792905331,25.5187177658,129.056287289,0.956711351871,115.239152789,125.753674388,0.98629295826,132.439984679,204.924007118,0.963045537472,114.048600793,225.72262001,0.971162259579,73.2999546528,96.7162060738,0.994432389736,76.1193454191,34.3163431883,0.975641310215
61.9798449278,124.868583202,0.0925379171968,24.6651349068,190.03275919,0.244319662452,37.7474820614,147.258736193,0.56894493103,96.4087128639,151.390474796,0.545839309692,68.9687708616,170.167547941,0.246262088418,83.361892879,132.638885975,0.396462380886,68.1228922606,146.559991717,0.692961871624,73.541447401,46.0706181526,0.508819401264
44.9370183945,79.4289824963,0.958900988102,30.239341259,111.193567038,0.894179582596,46.4209363461,42.6939476728,0.978872358799,134.069698095,51.774989292,0.97269743681,127.560740709,109.280364156,0.968046069145,98.1020313501,73.2404806614,0.955692052841,89.2317013741,33.2787322998,0.982413768768,88.5646412373,1.13334274292,0.0366944372654
52.6940135956,49.0379061699,0.200627416372,78.8855772018,114.10943222,0.19208522141,72.7042756081,71.8950095177,0.075422026217,64.1829378605,67.2620196342,0.054296772927,61.6162140369,107.061628163,0.190015912056,56.6253638268,53.2607426643,0.140607357025,74.8079615831,72.7833292484,0.0195753183216,47.2524833679,55.6675274372,0.0726945623755
81.0049853325,114.84885335,0.963008582592,13.1082341671,117.774066329,0.774745702744,26.1041435003,63.3753414154,0.92029607296,91.5206977725,68.883451581,0.970309257507,90.7747701406,106.11651957,0.85975754261,108.179880306,109.699118972,0.979810774326,64.6743712425,59.8465028107,0.982180714607,91.3067279458,15.9785275459,0.98589104414
70.6777296066,120.550278425,0.973310291767,16.5267562866,121.760762453,0.993259966373,23.5286099911,71.3514814377,0.981183886528,78.8041357994,67.3542890549,0.93389081955,86.3204190731,99.1027246118,0.882368326187,95.3063206673,109.945762277,0.982381403446,57.6640689373,68.2307347506,0.986576080322,88.9192786217,26.8504433632,0.979684829712
5.81413888931,119.039469481,0.615838170052,2.17684745789,123.569777369,0.427485585213,7.9023065567,67.7670973539,0.982214152813,101.655377746,61.8314270973,0.989107191563,120.804116249,123.438198984,0.967096567154,71.1329982281,114.012018681,0.975650072098,46.8666851521,56.4585018158,0.993842959404,26.4005012512,2.3362480402,0.965573370457
109.624554873,129.36769104,0.377667158842,133.197014093,108.745888472,0.888463914394,127.562788963,60.1602815688,0.968060493469,68.8587064147,55.1300354004,0.968730986118,60.2465717494,104.227523565,0.930399954319,54.7419981956,129.576440811,0.673531711102,97.3359677792,47.4071159363,0.979533791542,94.763217926,1.76736044884,0.929450929165
11.7145356834,107.177428305,0.980195820332,8.69021892548,115.062506855,0.806803762913,23.2643363476,61.8898923397,0.990146458149,92.763964057,57.4000794888,0.993116974831,111.317351341,114.455088735,0.977926671505,71.6410222054,103.829440594,0.96270608902,51.2696776986,51.3743003011,0.994519889355,38.0724906921,1.45458483696,0.960270404816
